<pos_logo>
<!-- slideshow  configuration -->
	<logo>
		<id_pos_logo>1</id_pos_logo>
		<title>Logo1</title>
		<link>http://posthemes.com/</link>
		<description></description>
		<porder>0</porder>
	</logo>
    <logo>
		<id_pos_logo>2</id_pos_logo>
		<title>Logo2</title>
		<link>http://posthemes.com/</link>
		<description></description>
		<porder>0</porder>
	</logo>
	<logo>
		<id_pos_logo>3</id_pos_logo>
		<title>Logo3</title>
		<link>http://posthemes.com/</link>
		<description></description>
		<porder>0</porder>
	</logo>
	<logo>
		<id_pos_logo>4</id_pos_logo>
		<title>Logo4</title>
		<link>http://posthemes.com/</link>
		<description></description>
		<porder>0</porder>
	</logo>
	<logo>
		<id_pos_logo>5</id_pos_logo>
		<title>Logo5</title>
		<link>http://posthemes.com/</link>
		<description></description>
		<porder>0</porder>
	</logo>
	<logo>
		<id_pos_logo>6</id_pos_logo>
		<title>Logo6</title>
		<link>http://posthemes.com/</link>
		<description></description>
		<porder>0</porder>
	</logo>
	<logo>
		<id_pos_logo>7</id_pos_logo>
		<title>Logo7</title>
		<link>http://posthemes.com/</link>
		<description></description>
		<porder>0</porder>
	</logo>
<!-- slideshop configuration -->
	<logo_shop>
		<id_pos_logo>1</id_pos_logo>
		<id_shop>1</id_shop>
	</logo_shop>
    <logo_shop>
		<id_pos_logo>2</id_pos_logo>
		<id_shop>1</id_shop>
	</logo_shop>
	<logo_shop>
		<id_pos_logo>3</id_pos_logo>
		<id_shop>1</id_shop>
	</logo_shop>
	<logo_shop>
		<id_pos_logo>4</id_pos_logo>
		<id_shop>1</id_shop>
	</logo_shop>
	<logo_shop>
		<id_pos_logo>5</id_pos_logo>
		<id_shop>1</id_shop>
	</logo_shop>
	<logo_shop>
		<id_pos_logo>6</id_pos_logo>
		<id_shop>1</id_shop>
	</logo_shop>
	<logo_shop>
		<id_pos_logo>7</id_pos_logo>
		<id_shop>1</id_shop>
	</logo_shop>
</pos_logo>